"Estimate","StdError","tValue","Pr"
55029.3054708979,19382.3460930963,2.8391457466802,0.00593771898913282
4513.05568935018,1179.78744082525,3.82531253781897,0.000283462937701658
